"Country","Year","Count","Mortality Rate"
"High income",2020,4.09999990463257,0.00409999990463257
"Low and middle income",2020,29.692081451416,0.029692081451416
"Low income",2020,47,0.047
"Upper middle income",2020,9.10000038146973,0.00910000038146973
"World",2020,27.3999996185303,0.0273999996185303
