"Country","Continent","Mortality"
"Austria","Europe",0.003
"Belgium","Europe",0.00340000009536743
"Denmark","Europe",0.00309999990463257
"France","Europe",0.00340000009536743
"Germany","Europe",0.00309999990463257
"Norway","Europe",0.00179999995231628
"Spain","Europe",0.00270000004768372
"Sweden","Europe",0.00209999990463257
