"Year","Share"
2000,27.80606
2001,26.92381
2002,25.69094
2003,24.67067
2004,22.90598
2005,20.9776
2006,20.3085
2007,19.12028
2008,18.41477
2009,17.63802
