"Country","Year","Count","Mortality Rate"
"Austria",2020,30,0.3
"Belgium",2020,34.0000009536743,0.340000009536743
"Denmark",2020,30.9999990463257,0.309999990463257
"France",2020,34.0000009536743,0.340000009536743
"Germany",2020,30.9999990463257,0.309999990463257
"Netherlands",2020,35.9999990463257,0.359999990463257
"Norway",2020,17.9999995231628,0.179999995231628
"Spain",2020,27.0000004768372,0.270000004768372
"Sweden",2020,20.9999990463257,0.209999990463257
