"Country","Count","Mortality_Rate"
"Austria",3,0.003
"Belgium",3.40000009536743,0.00340000009536743
"Denmark",3.09999990463257,0.00309999990463257
"France",3.40000009536743,0.00340000009536743
"Germany",3.09999990463257,0.00309999990463257
"Norway",1.79999995231628,0.00179999995231628
"Spain",2.7,0.0027
"Sweden",2.1,0.0021
